season,sport_id,game_datetime,game_id,team_id,player_id,player_jersey_number,player_full_name,player_positions,batting_G,batting_GS,batting_R,batting_AB,batting_H,batting_2B,batting_3B,batting_TB,batting_HR,batting_RBI,batting_BB,batting_HBP,batting_SF,batting_SH,batting_SO,batting_OPP_DP,batting_CS,batting_PK,batting_SB,batting_IBB,batting_KL,pitching_GP,pitching_GS,pitching_IP,pitching_IP_str,pitching_H,pitching_R,pitching_ER,pitching_BB,pitching_SO,pitching_BF,pitching_2B,pitching_3B,pitching_BK,pitching_HR,pitching_WP,pitching_HBP,pitching_IBB,pitching_IR,pitching_IRS,pitching_SH,pitching_SF,pitching_KL,pitching_TUER,pitching_PK,pitching_order_appeared,fielding_G,fielding_GS,fielding_PO,fielding_A,fielding_TC,fielding_E,fielding_CI,fielding_PB,fielding_SBA,fielding_CSB,fielding_IDP,fielding_TP,fielding_SBA%,stadium_name,attendance,away_team_id,home_team_id,away_team_name,home_team_name
2026,MBA,2026-02-20T13:00:00-05:00,6519900,614965,9701019,0,Garrett Roach,1B,1,0,0,0,0,0,0,0,0,0,0,0,0,0,0,0,0,0,0,0,0,0,0,0.0,0,0,0,0,0,0,0,0,0,0,0,0,0,0,0,0,0,0,0,0,0,0,1,0,0,0,0,0,0,0,0,0,0,0,0.0,"EQT Park (Washington, PA)",65,614965,615021,Ohio Dominican Panthers,California (PA) Vulcans
2026,MBA,2026-02-20T13:00:00-05:00,6519900,614965,9703145,1,Mason Kurtz,CF,1,1,0,4,0,0,0,0,0,1,0,0,0,0,1,0,0,0,0,0,0,0,0,0.0,0,0,0,0,0,0,0,0,0,0,0,0,0,0,0,0,0,0,0,0,0,0,1,1,0,0,0,0,0,0,0,0,0,0,0.0,"EQT Park (Washington, PA)",65,614965,615021,Ohio Dominican Panthers,California (PA) Vulcans
2026,MBA,2026-02-20T13:00:00-05:00,6519900,614965,11250124,12,Tryce Chaffin,SS,1,1,0,3,1,0,0,1,0,0,0,0,0,0,2,0,0,0,1,0,0,0,0,0.0,0,0,0,0,0,0,0,0,0,0,0,0,0,0,0,0,0,0,0,0,0,0,1,1,2,2,4,0,0,0,0,0,1,0,0.0,"EQT Park (Washington, PA)",65,614965,615021,Ohio Dominican Panthers,California (PA) Vulcans
2026,MBA,2026-02-20T13:00:00-05:00,6519900,615021,9685962,14,Connor Evans,RF,1,1,2,3,3,0,0,6,1,2,0,0,0,0,0,0,0,0,0,0,0,0,0,0.0,0,0,0,0,0,0,0,0,0,0,0,0,0,0,0,0,0,0,0,0,0,0,1,1,2,0,2,0,0,0,0,0,0,0,0.0,"EQT Park (Washington, PA)",65,614965,615021,Ohio Dominican Panthers,California (PA) Vulcans
2026,MBA,2026-02-20T13:00:00-05:00,6519900,614965,9704600,14,Jonah Hane,LF,1,1,0,2,1,0,0,1,0,0,0,0,0,1,0,0,0,0,0,0,0,0,0,0.0,0,0,0,0,0,0,0,0,0,0,0,0,0,0,0,0,0,0,0,0,0,0,1,1,1,0,1,0,0,0,0,0,0,0,0.0,"EQT Park (Washington, PA)",65,614965,615021,Ohio Dominican Panthers,California (PA) Vulcans
2026,MBA,2026-02-20T13:00:00-05:00,6519900,614965,9684695,15,Sam Battles,C,1,1,1,3,1,0,0,1,0,1,0,0,0,0,1,0,0,0,0,0,0,0,0,0.0,0,0,0,0,0,0,0,0,0,0,0,0,0,0,0,0,0,0,0,0,0,0,1,1,8,1,9,0,0,1,0,1,0,0,0.0,"EQT Park (Washington, PA)",65,614965,615021,Ohio Dominican Panthers,California (PA) Vulcans
2026,MBA,2026-02-20T13:00:00-05:00,6519900,615021,9691084,21,Chad Helwich,CF,1,1,1,3,1,0,1,3,0,0,0,0,0,0,1,0,0,0,0,0,0,0,0,0.0,0,0,0,0,0,0,0,0,0,0,0,0,0,0,0,0,0,0,0,0,0,0,1,1,0,0,0,0,0,0,0,0,0,0,0.0,"EQT Park (Washington, PA)",65,614965,615021,Ohio Dominican Panthers,California (PA) Vulcans
2026,MBA,2026-02-20T13:00:00-05:00,6519900,614965,11250121,26,Steven Chapman,P,1,1,1,3,1,0,0,1,0,0,0,0,0,0,1,0,0,0,0,0,0,1,1,4.332,4.1,9,7,7,3,3,24,1,2,0,1,0,2,0,0,0,0,0,0,0,1,1,1,1,1,1,2,0,0,0,0,1,0,0,0.0,"EQT Park (Washington, PA)",65,614965,615021,Ohio Dominican Panthers,California (PA) Vulcans
2026,MBA,2026-02-20T13:00:00-05:00,6519900,615021,9686481,27,Caleb Collins,3B,1,1,0,2,0,0,0,0,0,0,1,1,0,0,1,0,1,1,0,0,0,0,0,0.0,0,0,0,0,0,0,0,0,0,0,0,0,0,0,0,0,0,0,0,0,0,0,1,1,0,1,1,0,0,0,0,0,0,0,0.0,"EQT Park (Washington, PA)",65,614965,615021,Ohio Dominican Panthers,California (PA) Vulcans
2026,MBA,2026-02-20T13:00:00-05:00,6519900,614965,11250129,27,Logan Highley,PH,1,0,0,1,0,0,0,0,0,0,0,0,0,0,1,0,0,0,0,0,0,0,0,0.0,0,0,0,0,0,0,0,0,0,0,0,0,0,0,0,0,0,0,0,0,0,0,1,0,0,0,0,0,0,0,0,0,0,0,0.0,"EQT Park (Washington, PA)",65,614965,615021,Ohio Dominican Panthers,California (PA) Vulcans
2026,MBA,2026-02-20T13:00:00-05:00,6519900,614965,11250131,29,Grant Horne,2B,1,1,0,3,1,0,0,1,0,0,0,0,0,0,0,0,0,0,0,0,0,0,0,0.0,0,0,0,0,0,0,0,0,0,0,0,0,0,0,0,0,0,0,0,0,0,0,1,1,0,0,0,0,0,0,0,0,0,0,0.0,"EQT Park (Washington, PA)",65,614965,615021,Ohio Dominican Panthers,California (PA) Vulcans
2026,MBA,2026-02-20T13:00:00-05:00,6519900,615021,9693071,31,Conor Carney,1B,1,1,0,4,1,0,0,1,0,0,0,0,0,0,2,0,0,0,0,0,0,0,0,0.0,0,0,0,0,0,0,0,0,0,0,0,0,0,0,0,0,0,0,0,0,0,0,1,1,9,0,10,1,0,0,0,0,0,0,0.0,"EQT Park (Washington, PA)",65,614965,615021,Ohio Dominican Panthers,California (PA) Vulcans
2026,MBA,2026-02-20T13:00:00-05:00,6519900,615021,11230287,33,Nathan Favereaux,DH,1,1,1,2,1,0,0,1,0,0,0,1,0,0,0,1,0,0,0,0,0,0,0,0.0,0,0,0,0,0,0,0,0,0,0,0,0,0,0,0,0,0,0,0,0,0,0,1,1,0,0,0,0,0,0,0,0,0,0,0.0,"EQT Park (Washington, PA)",65,614965,615021,Ohio Dominican Panthers,California (PA) Vulcans
2026,MBA,2026-02-20T13:00:00-05:00,6519900,615021,9701831,35,Kyle Rizzo,C,1,1,1,2,1,1,0,2,0,2,1,0,0,0,1,0,0,0,0,0,0,0,0,0.0,0,0,0,0,0,0,0,0,0,0,0,0,0,0,0,0,0,0,0,0,0,0,1,1,8,1,9,0,0,0,1,1,0,0,0.5,"EQT Park (Washington, PA)",65,614965,615021,Ohio Dominican Panthers,California (PA) Vulcans
2026,MBA,2026-02-20T13:00:00-05:00,6519900,614965,11250130,38,Andrew Holcomb,P,1,0,0,0,0,0,0,0,0,0,0,0,0,0,0,0,0,0,0,0,0,1,0,1.667,1.2,1,0,0,1,5,8,0,0,0,0,1,1,0,0,0,0,0,1,0,0,2,1,0,0,0,0,0,0,0,0,0,0,0,0.0,"EQT Park (Washington, PA)",65,614965,615021,Ohio Dominican Panthers,California (PA) Vulcans
2026,MBA,2026-02-20T13:00:00-05:00,6519900,615021,9680077,39,Beau Bigam,P,0,0,0,0,0,0,0,0,0,0,0,0,0,0,0,0,0,0,0,0,0,1,1,5.0,5.0,6,2,1,1,5,22,0,0,0,0,0,0,0,0,0,1,0,0,0,0,1,0,0,0,0,0,0,0,0,0,0,0,0,0.0,"EQT Park (Washington, PA)",65,614965,615021,Ohio Dominican Panthers,California (PA) Vulcans
2026,MBA,2026-02-20T13:00:00-05:00,6519900,614965,11250140,4,Tristan Schuerman,RF,1,1,0,3,1,0,0,1,0,0,1,0,0,0,0,0,1,0,0,0,0,0,0,0.0,0,0,0,0,0,0,0,0,0,0,0,0,0,0,0,0,0,0,0,0,0,0,1,1,1,0,1,0,0,0,0,0,0,0,0.0,"EQT Park (Washington, PA)",65,614965,615021,Ohio Dominican Panthers,California (PA) Vulcans
2026,MBA,2026-02-20T13:00:00-05:00,6519900,615021,9688408,40,Ikon Jones,LF,1,1,0,4,1,0,0,1,0,2,0,0,0,0,1,0,0,0,0,0,0,0,0,0.0,0,0,0,0,0,0,0,0,0,0,0,0,0,0,0,0,0,0,0,0,0,0,1,1,1,0,1,0,0,0,0,0,0,0,0.0,"EQT Park (Washington, PA)",65,614965,615021,Ohio Dominican Panthers,California (PA) Vulcans
2026,MBA,2026-02-20T13:00:00-05:00,6519900,615021,11230346,42,Charlie Nigut,PR,1,0,1,0,0,0,0,0,0,0,0,0,0,0,0,0,0,0,0,0,0,0,0,0.0,0,0,0,0,0,0,0,0,0,0,0,0,0,0,0,0,0,0,0,0,0,0,1,0,0,0,0,0,0,0,0,0,0,0,0.0,"EQT Park (Washington, PA)",65,614965,615021,Ohio Dominican Panthers,California (PA) Vulcans
2026,MBA,2026-02-20T13:00:00-05:00,6519900,614965,9683292,44,Tyler Flint,1B,1,1,0,2,0,0,0,0,0,0,0,0,0,0,2,0,0,0,0,0,0,0,0,0.0,0,0,0,0,0,0,0,0,0,0,0,0,0,0,0,0,0,0,0,0,0,0,1,1,5,1,6,0,0,0,0,0,1,0,0.0,"EQT Park (Washington, PA)",65,614965,615021,Ohio Dominican Panthers,California (PA) Vulcans
2026,MBA,2026-02-20T13:00:00-05:00,6519900,615021,9701823,46,Ben Barr,P,0,0,0,0,0,0,0,0,0,0,0,0,0,0,0,0,0,0,0,0,0,1,0,2.0,2.0,1,0,0,0,3,7,0,0,0,0,0,0,0,0,0,0,0,0,0,0,2,0,0,0,0,0,0,0,0,0,0,0,0,0.0,"EQT Park (Washington, PA)",65,614965,615021,Ohio Dominican Panthers,California (PA) Vulcans
2026,MBA,2026-02-20T13:00:00-05:00,6519900,615021,9682253,6,Peyton Ford,2B,1,1,0,1,0,0,0,0,0,0,1,1,0,0,1,0,0,0,0,0,0,0,0,0.0,0,0,0,0,0,0,0,0,0,0,0,0,0,0,0,0,0,0,0,0,0,0,1,1,1,4,5,0,0,0,0,0,0,0,0.0,"EQT Park (Washington, PA)",65,614965,615021,Ohio Dominican Panthers,California (PA) Vulcans
2026,MBA,2026-02-20T13:00:00-05:00,6519900,614965,9688612,6,Sawyer Hamsher,3B,1,1,0,3,1,0,0,1,0,0,0,0,0,0,0,0,0,0,0,0,0,0,0,0.0,0,0,0,0,0,0,0,0,0,0,0,0,0,0,0,0,0,0,0,0,0,0,1,1,0,1,1,0,0,0,0,0,0,0,0.0,"EQT Park (Washington, PA)",65,614965,615021,Ohio Dominican Panthers,California (PA) Vulcans
2026,MBA,2026-02-20T13:00:00-05:00,6519900,615021,9692697,7,Alex Arrigo,PH,1,0,0,1,1,0,0,1,0,0,0,0,0,0,0,0,0,0,0,0,0,0,0,0.0,0,0,0,0,0,0,0,0,0,0,0,0,0,0,0,0,0,0,0,0,0,0,1,0,0,0,0,0,0,0,0,0,0,0,0.0,"EQT Park (Washington, PA)",65,614965,615021,Ohio Dominican Panthers,California (PA) Vulcans
2026,MBA,2026-02-20T13:00:00-05:00,6519900,615021,11230340,8,Brandon McClain-Banks,SS,1,1,1,3,1,0,1,3,0,1,1,0,0,0,1,0,0,0,0,0,1,0,0,0.0,0,0,0,0,0,0,0,0,0,0,0,0,0,0,0,0,0,0,0,0,0,0,1,1,0,2,2,0,0,0,0,0,0,0,0.0,"EQT Park (Washington, PA)",65,614965,615021,Ohio Dominican Panthers,California (PA) Vulcans
